time,yaw,pitch,gaze_x,gaze_y,face_pred,eye_pred,fusion_pred
0.26342201232910156,0.0497438907623291,0.16671258211135864,6.083771586418152e-05,-0.006358116865158081,0,1,0
0.38837194442749023,0.047912418842315674,0.1666988730430603,0.0006219372153282166,-0.005622610449790955,0,1,0
0.4566080570220947,0.049071550369262695,0.16744118928909302,0.0014197975397109985,-0.005465671420097351,0,0,0
0.5213251113891602,0.04946237802505493,0.16760432720184326,0.0013558082282543182,-0.005675032734870911,0,0,0
0.600862979888916,0.04955083131790161,0.166950523853302,0.0010924115777015686,-0.005582213401794434,0,0,0
0.6894509792327881,0.04960215091705322,0.16927599906921387,0.0008923076093196869,-0.007607907056808472,0,0,0
0.7556259632110596,0.050454914569854736,0.1700906753540039,0.0006379261612892151,-0.0070140063762664795,1,0,1
0.8271830081939697,0.04935407638549805,0.1672666072845459,0.00041303783655166626,-0.007306046783924103,0,0,0
0.8928649425506592,0.05075538158416748,0.16876471042633057,0.00019928812980651855,-0.007642276585102081,1,0,1
0.959636926651001,0.050590693950653076,0.16895508766174316,-2.2836029529571533e-06,-0.0073356106877326965,1,0,1
1.02656888961792,0.05037134885787964,0.166428804397583,2.627447247505188e-05,-0.007305420935153961,1,0,1
1.0937950611114502,0.048664093017578125,0.16478025913238525,0.0003194473683834076,-0.007184304296970367,0,1,0
1.1597330570220947,0.048861920833587646,0.16344869136810303,0.00022740289568901062,-0.007330708205699921,0,0,0
1.2259671688079834,0.04762434959411621,0.1629643440246582,0.00021176040172576904,-0.007555939257144928,0,0,0
1.2934887409210205,0.04640471935272217,0.16251009702682495,0.00013561174273490906,-0.007284283638000488,0,1,0
1.3599700927734375,0.045970916748046875,0.16267037391662598,0.00037131085991859436,-0.007620915770530701,0,0,0
1.4266760349273682,0.04507410526275635,0.16256356239318848,0.00011242181062698364,-0.007477492094039917,0,0,0
1.4934520721435547,0.04409515857696533,0.16319799423217773,0.00015398859977722168,-0.007518790662288666,0,0,0
1.559818983078003,0.0438084602355957,0.16226714849472046,0.0001739710569381714,-0.007491506636142731,0,0,0
1.6268000602722168,0.044741034507751465,0.16363543272018433,8.351355791091919e-05,-0.007074303925037384,0,1,0
1.692746877670288,0.04242581129074097,0.16232484579086304,0.0003296956419944763,-0.0072019100189208984,0,1,0
1.7599599361419678,0.042804837226867676,0.16238677501678467,0.00014687329530715942,-0.007251180708408356,0,1,0
1.82818603515625,0.04323393106460571,0.16204673051834106,0.00016450881958007812,-0.007227003574371338,0,1,0
1.8938517570495605,0.042690813541412354,0.1622369885444641,0.0006519109010696411,-0.006484732031822205,0,1,0
1.9610228538513184,0.04153406620025635,0.16254538297653198,0.002145707607269287,-0.004769615828990936,0,0,0
2.0272607803344727,0.04114764928817749,0.15909743309020996,0.0030641183257102966,-0.006016336381435394,0,0,0
2.093798875808716,0.04111593961715698,0.157181978225708,0.000490088015794754,-0.007323019206523895,0,0,0
2.1612820625305176,0.04083305597305298,0.15798819065093994,0.0010600201785564423,-0.008128896355628967,0,0,0
2.226634979248047,0.04072880744934082,0.1572452187538147,0.0007493719458580017,-0.008536763489246368,0,0,0
2.2941229343414307,0.03983229398727417,0.15560626983642578,0.0008885301649570465,-0.008297987282276154,0,0,0
2.359602928161621,0.04074150323867798,0.15394234657287598,0.0007060393691062927,-0.008498325943946838,0,0,0
2.425140857696533,0.04070937633514404,0.1545354723930359,0.0007591806352138519,-0.00833660364151001,0,0,0
2.492202043533325,0.04096716642379761,0.15438508987426758,0.0006550177931785583,-0.008378453552722931,0,0,0
2.55915904045105,0.04210519790649414,0.15625983476638794,0.0005536675453186035,-0.008374005556106567,0,0,0
2.626279830932617,0.03957498073577881,0.15550708770751953,0.0005641207098960876,-0.008324399590492249,0,0,0
2.6924829483032227,0.031919121742248535,0.15492385625839233,0.00038674846291542053,-0.005836419761180878,0,0,0
2.7592389583587646,0.018146395683288574,0.1501259207725525,0.0004750974476337433,-0.005652494728565216,0,1,0
2.8262720108032227,0.005947768688201904,0.14996212720870972,0.0015728399157524109,-0.0071609243750572205,0,0,0
2.892336845397949,-0.005053609609603882,0.15082645416259766,0.0018355324864387512,-0.007022738456726074,0,0,0
2.9593191146850586,-0.01025378704071045,0.1520208716392517,0.0020893514156341553,-0.007047690451145172,0,0,0
3.0254509449005127,-0.011667340993881226,0.14845067262649536,0.0018434152007102966,-0.007715366780757904,0,0,0
3.092427968978882,-0.010689109563827515,0.14956188201904297,0.0019892677664756775,-0.008031897246837616,0,0,0
3.160001039505005,-0.010955840349197388,0.1488780379295349,0.002012684941291809,-0.008212685585021973,0,0,0
3.2263150215148926,-0.010952085256576538,0.14957427978515625,0.0020592324435710907,-0.008403286337852478,0,0,0
3.2934608459472656,-0.009202122688293457,0.14828509092330933,0.0023280568420886993,-0.007860526442527771,0,0,0
3.3596389293670654,-0.004966288805007935,0.14868003129959106,0.0025591030716896057,-0.00822923332452774,0,0,0
3.4264488220214844,0.002356410026550293,0.15091508626937866,0.002754751592874527,-0.008470304310321808,0,0,0
3.4941728115081787,0.011306464672088623,0.1541919708251953,0.0009713843464851379,-0.008337952196598053,0,0,0
3.559464931488037,0.017211079597473145,0.15190410614013672,0.001275382936000824,-0.007450520992279053,0,0,0
3.6271109580993652,0.022303521633148193,0.15054422616958618,0.00022204220294952393,-0.0068556517362594604,0,1,0
3.6936769485473633,0.024206101894378662,0.1516459584236145,0.0006005577743053436,-0.006297379732131958,0,0,0
3.757567882537842,0.025612354278564453,0.15102171897888184,0.0002982728183269501,-0.006827615201473236,0,1,0
3.827195882797241,0.026480495929718018,0.14972186088562012,0.0006634891033172607,-0.006399437785148621,0,0,0
3.892549753189087,0.026876628398895264,0.15037459135055542,0.0007777586579322815,-0.006393395364284515,0,0,0
3.9594428539276123,0.029504239559173584,0.14974337816238403,0.0005061924457550049,-0.006635256111621857,0,0,0
4.026097774505615,0.03154641389846802,0.14948022365570068,-0.0006028041243553162,-0.0082569420337677,0,1,0
4.089462041854858,0.03254544734954834,0.148104727268219,-0.006941113620996475,-0.012548699975013733,0,1,0
4.160855054855347,0.027935326099395752,0.14205998182296753,-0.01004079356789589,-0.014292478561401367,0,0,0
4.225854873657227,0.022072553634643555,0.13359272480010986,-0.01017351821064949,-0.014164205640554428,0,0,0
4.292742967605591,0.012877702713012695,0.1232265830039978,-0.01002797856926918,-0.014440372586250305,0,0,0
4.35978102684021,0.008832991123199463,0.11591118574142456,-0.010384947061538696,-0.014676306396722794,0,0,0
4.426246881484985,0.003236711025238037,0.11135852336883545,-0.009120795875787735,-0.015576012432575226,0,0,0
4.4935009479522705,0.0018979310989379883,0.10563558340072632,-0.008673068135976791,-0.014612145721912384,0,0,0
4.559040069580078,0.0010268092155456543,0.1049950122833252,-0.008296731859445572,-0.014067798852920532,0,0,0
4.626341819763184,0.0024955272674560547,0.10690522193908691,-0.008643046021461487,-0.013147801160812378,0,1,0
4.692742824554443,0.0019359588623046875,0.10669296979904175,-0.00990377739071846,-0.0149921253323555,0,0,0
4.75943398475647,0.004042685031890869,0.11222642660140991,-0.005584597587585449,-0.010316949337720871,0,1,0
4.825634956359863,0.010375559329986572,0.11789214611053467,-0.00037653371691703796,-0.006443530321121216,0,1,0
4.892575979232788,0.015545070171356201,0.12179166078567505,0.0015869773924350739,-0.005697786808013916,0,0,0
4.9596898555755615,0.018922269344329834,0.1258784532546997,0.00037039443850517273,-0.007145032286643982,0,1,0
5.025444030761719,0.023222684860229492,0.13091939687728882,0.0004686117172241211,-0.005943387746810913,0,0,0
5.093020915985107,0.023776769638061523,0.13701581954956055,0.0003321245312690735,-0.006441913545131683,0,1,0
5.15821099281311,0.02668839693069458,0.13878434896469116,0.0004912875592708588,-0.005837373435497284,0,0,0
5.22370982170105,0.028314292430877686,0.1431434154510498,4.4383108615875244e-05,-0.006807252764701843,0,1,0
5.291424989700317,0.030528485774993896,0.14593857526779175,0.0004936903715133667,-0.00503772497177124,0,1,0
5.356349945068359,0.040341317653656006,0.14825069904327393,0.001854773610830307,-0.003519803285598755,0,0,0
5.42602014541626,0.055380046367645264,0.1475808024406433,0.002414848655462265,-0.002401702105998993,1,0,1
5.492844104766846,0.07197636365890503,0.14749085903167725,-0.00011626631021499634,-0.004446119070053101,1,1,1
5.559144973754883,0.09098267555236816,0.14074766635894775,-0.00298319011926651,-0.005079999566078186,1,1,1
5.625386953353882,0.10963016748428345,0.13049304485321045,-0.00287754088640213,-0.005549423396587372,1,1,1
5.688894987106323,0.12076818943023682,0.12708121538162231,-0.004472039639949799,-0.004647009074687958,1,1,1
5.756496906280518,0.1273183822631836,0.12551289796829224,-0.003675982356071472,-0.004642501473426819,1,1,1
5.826030969619751,0.13849997520446777,0.11815899610519409,0.00363275408744812,-0.0029630661010742188,1,0,1
5.891957998275757,0.1461716890335083,0.11533725261688232,0.009995825588703156,-0.007212653756141663,1,0,1
5.95840311050415,0.15365374088287354,0.11177247762680054,0.010662242770195007,-0.008434072136878967,1,1,1
6.02554178237915,0.15660834312438965,0.11210328340530396,0.010388456284999847,-0.008270688354969025,1,1,1
6.0906081199646,0.1547946333885193,0.109763503074646,0.010432213544845581,-0.00919543206691742,1,1,1
6.156720161437988,0.1535448431968689,0.11219388246536255,0.009573660790920258,-0.00797426700592041,1,0,1
6.225719928741455,0.15165090560913086,0.11080223321914673,0.009597934782505035,-0.006923362612724304,1,0,1
6.28904914855957,0.14501488208770752,0.11278903484344482,-0.0008498504757881165,-0.004802227020263672,1,1,1
6.358800172805786,0.13421481847763062,0.11281341314315796,0.006346911191940308,-0.006168819963932037,1,1,1
6.425518035888672,0.117514967918396,0.11538112163543701,0.008677512407302856,-0.009018994867801666,1,0,1
6.4924280643463135,0.10960263013839722,0.11587560176849365,0.0065019503235816956,-0.009229622781276703,1,0,1
6.5589518547058105,0.10104864835739136,0.11849373579025269,0.007648266851902008,-0.009439550340175629,1,0,1
6.624927043914795,0.09270966053009033,0.12177145481109619,0.007916651666164398,-0.008580520749092102,1,0,1
6.690562009811401,0.08576321601867676,0.12939345836639404,0.005442343652248383,-0.0022555887699127197,1,1,1
6.755910873413086,0.07878434658050537,0.1337262988090515,0.004166878759860992,-0.001696169376373291,1,0,1
6.826247930526733,0.06709939241409302,0.14517802000045776,0.0033654794096946716,-0.0015017911791801453,1,0,1
6.890056848526001,0.054753780364990234,0.15324801206588745,-0.00471825897693634,-0.0010631605982780457,1,1,1
6.9577319622039795,0.041588425636291504,0.1547449827194214,-0.005170512944459915,-0.0028616636991500854,0,1,0
7.025710105895996,0.02902066707611084,0.1594759225845337,-0.004619281738996506,-0.003854222595691681,0,1,0
7.091536045074463,0.019791245460510254,0.16466432809829712,-0.005105398595333099,-0.0028487443923950195,0,1,0
7.157582998275757,0.01252967119216919,0.1628248691558838,-0.008991990238428116,-0.007565625011920929,0,0,0
7.22504997253418,0.006537973880767822,0.16435915231704712,-0.010196920484304428,-0.010305427014827728,0,0,0
7.291849851608276,0.0047286152839660645,0.16042226552963257,-0.011977024376392365,-0.012539304792881012,0,0,0
7.358579874038696,0.0004153251647949219,0.15250569581985474,-0.010151378810405731,-0.01037713885307312,0,0,0
7.424903869628906,-0.001396477222442627,0.14578378200531006,-0.011033952236175537,-0.012555450201034546,0,0,0
7.49043083190918,-0.0038036704063415527,0.13828861713409424,-0.012338940054178238,-0.011713426560163498,0,0,0
7.558238983154297,-0.006928086280822754,0.1324116587638855,-0.01017511636018753,-0.012773960828781128,0,1,0
7.624928951263428,-0.00857323408126831,0.1292632818222046,-0.011348217725753784,-0.01398470252752304,0,0,0
7.691709995269775,-0.009747564792633057,0.12723004817962646,-0.010721515864133835,-0.0144108347594738,0,0,0
7.757989168167114,-0.011244535446166992,0.12490981817245483,-0.009240977466106415,-0.014342620968818665,0,0,0
7.824069023132324,-0.009947776794433594,0.12873601913452148,-0.0005973130464553833,-0.013871483504772186,0,0,0
7.891912937164307,-0.007820576429367065,0.1303337812423706,0.0009713917970657349,-0.013600021600723267,0,0,0
7.957970857620239,-0.0011831223964691162,0.13757461309432983,-8.233636617660522e-05,-0.014049295336008072,0,0,0
8.024892807006836,0.007841527462005615,0.1394420862197876,4.6759843826293945e-05,-0.010038554668426514,0,1,0
8.089488744735718,0.019841313362121582,0.13922220468521118,0.0027443543076515198,-0.011602282524108887,0,0,0
8.15879487991333,0.033645033836364746,0.13874787092208862,0.002014443278312683,-0.010920010507106781,0,0,0
8.224303007125854,0.04193669557571411,0.13962608575820923,0.001988433301448822,-0.011781387031078339,0,0,0
8.291494846343994,0.04851412773132324,0.1331135630607605,0.0007314234972000122,-0.011181890964508057,0,0,0
8.357738971710205,0.05793404579162598,0.13179343938827515,0.008182987570762634,-0.014127358794212341,1,0,1
8.424794912338257,0.06307923793792725,0.12760037183761597,0.00727757066488266,-0.016515061259269714,1,0,1
8.491811037063599,0.06891167163848877,0.126376211643219,0.007701113820075989,-0.01570810377597809,1,0,1
8.557412147521973,0.07255280017852783,0.12323528528213501,0.007390543818473816,-0.015106216073036194,1,0,1
8.624348878860474,0.07505065202713013,0.12244880199432373,0.007315248250961304,-0.013635609298944473,1,0,1
8.690675973892212,0.07443100214004517,0.12100529670715332,0.007090836763381958,-0.013198070228099823,1,0,1
8.757397890090942,0.07264626026153564,0.12075895071029663,0.008042901754379272,-0.005361214280128479,1,1,1
8.825105905532837,0.07003593444824219,0.12500500679016113,0.0008356161415576935,-0.004895702004432678,1,0,1
8.89133596420288,0.06424587965011597,0.12655603885650635,-0.0008170530200004578,-0.006788954138755798,1,1,1
8.956696033477783,0.058555424213409424,0.13447028398513794,-0.0005390234291553497,-0.006751701235771179,1,1,1
9.024359941482544,0.0520251989364624,0.14148062467575073,-0.00035958364605903625,-0.00700002908706665,1,1,1
9.090961933135986,0.044220566749572754,0.14191770553588867,-0.00010437890887260437,-0.006059996783733368,0,1,0
9.158490180969238,0.03872960805892944,0.14522159099578857,-0.00016928091645240784,-0.006315469741821289,0,1,0
9.224205017089844,0.03886604309082031,0.14953964948654175,-0.00033700838685035706,-0.00646846741437912,0,1,0
9.29070782661438,0.038273394107818604,0.15129607915878296,-0.0008302293717861176,-0.006305009126663208,0,1,0
9.35673189163208,0.036684632301330566,0.1527453064918518,-7.226318120956421e-05,-0.006481088697910309,0,1,0
9.423678874969482,0.0356212854385376,0.15745598077774048,0.0003798045217990875,-0.007155410945415497,0,1,0
9.48971700668335,0.032014548778533936,0.16188663244247437,0.0007048808038234711,-0.007373332977294922,0,0,0
9.557728052139282,0.029199540615081787,0.17207682132720947,0.0020716972649097443,-0.005584754049777985,0,0,0
9.62411904335022,0.027445316314697266,0.18117499351501465,0.001290585845708847,-0.0002556517720222473,0,0,0
9.690871953964233,0.023175358772277832,0.17888504266738892,-0.010801628232002258,-0.004433751106262207,0,1,0
9.757736921310425,0.017204761505126953,0.17989486455917358,-0.011748164892196655,-0.007403038442134857,0,0,0
9.82560682296753,0.010540544986724854,0.18117934465408325,-0.01013343408703804,-0.005894213914871216,0,1,0
9.889806985855103,0.0046225786209106445,0.17931437492370605,-0.01063823327422142,-0.005863986909389496,0,0,0
9.956802129745483,0.0006448030471801758,0.1785150170326233,-0.009916543960571289,-0.0066412389278411865,0,0,0
10.023828029632568,-0.001001119613647461,0.17884230613708496,-0.009855680167675018,-0.006301991641521454,0,1,0
10.09063196182251,-0.001935720443725586,0.18080562353134155,-0.01107228547334671,-0.007978618144989014,0,0,0
10.154890060424805,-0.006483197212219238,0.17526394128799438,-0.010261539369821548,-0.012743473052978516,0,0,0
10.223809003829956,-0.00927889347076416,0.16680413484573364,-0.009927917271852493,-0.012457035481929779,0,1,0
10.290405035018921,-0.011199653148651123,0.16024911403656006,-0.009937919676303864,-0.011580653488636017,0,1,0
10.356173992156982,-0.013032019138336182,0.15630167722702026,-0.00664462149143219,-0.01504679024219513,0,0,0
10.424032926559448,-0.01339450478553772,0.151253342628479,-0.003587912768125534,-0.015888690948486328,0,0,0
10.491154909133911,-0.012272745370864868,0.14547187089920044,-0.0030989423394203186,-0.01507454365491867,0,0,0
10.55631399154663,-0.013393759727478027,0.14208722114562988,-0.002441558986902237,-0.014403104782104492,0,0,0
10.624089002609253,-0.009577512741088867,0.14224165678024292,-0.00380803644657135,-0.013524442911148071,0,1,0
10.69022798538208,-0.007614940404891968,0.1466139554977417,-0.003229726105928421,-0.014499351382255554,0,0,0
10.757032871246338,-0.001137465238571167,0.14673036336898804,-0.0035168305039405823,-0.0155106782913208,0,0,0
10.824567079544067,0.004582226276397705,0.14505535364151,-0.0035178326070308685,-0.01476241648197174,0,0,0
10.890107870101929,0.007951855659484863,0.1475822925567627,-0.0013395249843597412,-0.012077264487743378,0,1,0
10.956869840621948,0.01580888032913208,0.15094536542892456,0.0005261264741420746,-0.004603341221809387,0,1,0
11.023880004882812,0.0212479829788208,0.15099024772644043,0.00045872852206230164,-0.004107758402824402,0,1,0
11.0900559425354,0.026507139205932617,0.15223032236099243,0.0004576444625854492,-0.005595706403255463,0,1,0
11.152241945266724,0.02992004156112671,0.15284937620162964,0.0004155375063419342,-0.00531361997127533,0,1,0
11.223684072494507,0.03509724140167236,0.15382570028305054,-0.00011879205703735352,-0.005221128463745117,0,1,0
11.287349939346313,0.03862124681472778,0.15634697675704956,0.001295667141675949,-0.00309821218252182,0,1,0
11.353301048278809,0.038858115673065186,0.15646785497665405,0.0016373395919799805,0.000443287193775177,0,0,0
11.423218965530396,0.038948893547058105,0.15830183029174805,0.0018950030207633972,0.001083366572856903,0,0,0
11.4911789894104,0.040596723556518555,0.16060292720794678,0.003438293933868408,0.0006929263472557068,0,0,0
11.556302070617676,0.04145306348800659,0.16431355476379395,0.003732983022928238,-0.0025407448410987854,0,0,0
11.623355865478516,0.0482938289642334,0.16425341367721558,0.0023991838097572327,-0.0016256719827651978,0,0,0
11.688282012939453,0.0519181489944458,0.1622585654258728,0.003497093915939331,-0.0013369396328926086,1,0,1
11.756786823272705,0.05475085973739624,0.1653611660003662,0.004166986793279648,-0.000595875084400177,1,0,1
11.82306694984436,0.056942105293273926,0.1672232747077942,0.0036874376237392426,-0.0002470165491104126,1,0,1
11.889980792999268,0.05881905555725098,0.1667543649673462,0.004141904413700104,-0.001361563801765442,1,0,1
11.956398010253906,0.061665892601013184,0.16624605655670166,0.0036243945360183716,-0.0013998374342918396,1,0,1
12.023903846740723,0.06087738275527954,0.16599291563034058,0.0032504796981811523,-0.00028721243143081665,1,0,1
12.089632987976074,0.06226593255996704,0.16600459814071655,0.002989891916513443,-0.000609084963798523,1,0,1
12.1578209400177,0.062070608139038086,0.1638372540473938,0.003062613308429718,-0.0006524771451950073,1,0,1
12.222681999206543,0.06033682823181152,0.16522705554962158,0.0029498934745788574,-0.0013868212699890137,1,0,1
12.289599895477295,0.056626200675964355,0.16687089204788208,0.0004755780100822449,-0.0032576769590377808,1,1,1
12.356153964996338,0.05037933588027954,0.1658521294593811,-0.005949206650257111,-0.008451104164123535,1,1,1
12.423011064529419,0.039568305015563965,0.16100120544433594,-0.009694620966911316,-0.00922296941280365,0,0,0
12.490311861038208,0.029956519603729248,0.1617298722267151,-0.00890016183257103,-0.010604985058307648,0,0,0
12.556083917617798,0.021968722343444824,0.1636543869972229,-0.008464105427265167,-0.011016450822353363,0,1,0
12.62350583076477,0.01713341474533081,0.1649034023284912,-0.010252699255943298,-0.010610252618789673,0,0,0
12.6892831325531,0.014253318309783936,0.1633705496788025,-0.013347204774618149,-0.010589033365249634,0,0,0
12.752572774887085,0.009360849857330322,0.168054461479187,-0.013219110667705536,-0.009578235447406769,0,0,0
12.821276903152466,0.005929470062255859,0.16751354932785034,-0.012698840349912643,-0.008840367197990417,0,0,0
12.890167951583862,0.002527177333831787,0.1689940094947815,-0.014658160507678986,-0.006365150213241577,0,1,0
12.955899000167847,-0.00017726421356201172,0.170612633228302,-0.013992398977279663,-0.005337946116924286,0,1,0
13.02291989326477,-0.0028534531593322754,0.1726972460746765,-0.012090153992176056,-0.004502721130847931,0,1,0
13.089465141296387,-0.0046863555908203125,0.17263895273208618,-0.011530518531799316,-0.004894442856311798,0,1,0
13.157079935073853,-0.005645960569381714,0.1742066740989685,-0.011900044977664948,-0.004852823913097382,0,1,0
13.222462892532349,-0.00840538740158081,0.174591064453125,-0.012220073491334915,-0.004797406494617462,0,1,0
13.288681030273438,-0.009572386741638184,0.17229431867599487,-0.012459009885787964,-0.008302055299282074,0,0,0
13.356178998947144,-0.010008662939071655,0.17053383588790894,-0.011159267276525497,-0.010376997292041779,0,0,0
13.423062086105347,-0.010177940130233765,0.16675984859466553,-0.011381439864635468,-0.009468473494052887,0,0,0
13.490145921707153,-0.016387850046157837,0.16287493705749512,-0.010512642562389374,-0.012311376631259918,0,0,0
13.5556058883667,-0.019479483366012573,0.16159892082214355,-0.010802451521158218,-0.013970248401165009,0,0,0
13.6227388381958,-0.020135998725891113,0.15993446111679077,-0.01135985180735588,-0.013321556150913239,0,0,0
13.689531803131104,-0.022067904472351074,0.16012871265411377,-0.011328600347042084,-0.01328294724225998,0,0,0
13.755621194839478,-0.022212117910385132,0.1609971523284912,-0.010534398257732391,-0.011567063629627228,0,0,0
13.822946071624756,-0.02355140447616577,0.16238170862197876,-0.010609384626150131,-0.011854760348796844,0,0,0
13.889316082000732,-0.021090805530548096,0.16286176443099976,-0.004053585231304169,-0.0012592747807502747,0,1,0
13.955396175384521,-0.02012878656387329,0.16232621669769287,0.002355653792619705,0.0005395933985710144,0,0,0
14.022469758987427,-0.015367448329925537,0.16420680284500122,0.002494748681783676,-0.005588695406913757,0,0,0
14.089004039764404,-0.007863104343414307,0.1663702130317688,0.0008905455470085144,-0.006419464945793152,0,0,0
14.156197786331177,0.0013417601585388184,0.1678505539894104,0.0005994886159896851,-0.006497547030448914,0,1,0
14.221091032028198,0.008532822132110596,0.17107397317886353,0.00010107457637786865,-0.006062120199203491,0,1,0
14.286082983016968,0.014486312866210938,0.1714162826538086,-6.204098463058472e-05,-0.007101930677890778,0,1,0
14.35382080078125,0.01951909065246582,0.17082184553146362,7.040798664093018e-05,-0.0074586644768714905,0,0,0
14.420869827270508,0.02475064992904663,0.17086589336395264,9.182840585708618e-06,-0.006339021027088165,0,1,0
14.490047931671143,0.030305325984954834,0.17116427421569824,-0.00010378658771514893,-0.005743667483329773,0,1,0
14.556277990341187,0.03436857461929321,0.17036199569702148,-0.0002989359200000763,-0.006982050836086273,0,1,0
14.615844964981079,0.036377787590026855,0.16867226362228394,-0.0006053782999515533,-0.00592590868473053,0,1,0
14.68958592414856,0.03711295127868652,0.1667829155921936,-0.0005872957408428192,-0.005358457565307617,0,1,0
14.755045890808105,0.03881186246871948,0.16751325130462646,-0.0002118907868862152,-0.005575940012931824,0,1,0
14.82271695137024,0.03904610872268677,0.16524243354797363,-0.0004572048783302307,-0.00582413375377655,0,1,0
14.888115882873535,0.038981616497039795,0.16491717100143433,-7.044896483421326e-05,-0.00679229199886322,0,1,0
14.953269004821777,0.03930288553237915,0.16255587339401245,-0.00013982504606246948,-0.006487704813480377,0,1,0
15.021191835403442,0.04201143980026245,0.1624441146850586,-0.00024399533867835999,-0.006792522966861725,0,1,0
15.088560819625854,0.043179988861083984,0.16464775800704956,-0.0002741590142250061,-0.005866184830665588,0,1,0
15.152108907699585,0.04784047603607178,0.16580772399902344,0.0026009008288383484,-0.003830157220363617,0,0,0
15.222065925598145,0.0577053427696228,0.1617397665977478,0.010996941477060318,-0.005147963762283325,1,1,1
15.28835391998291,0.06633061170578003,0.15275263786315918,0.00873904675245285,-0.009418465197086334,1,0,1
15.35460615158081,0.0760769248008728,0.15073376893997192,0.008167214691638947,-0.010011143982410431,1,0,1
15.421990871429443,0.08116704225540161,0.14280074834823608,0.0060151442885398865,-0.00979623943567276,1,0,1
15.489422082901001,0.08481162786483765,0.14295309782028198,0.006893724203109741,-0.009936660528182983,1,0,1
15.554834842681885,0.08629846572875977,0.14150744676589966,0.007482379674911499,-0.009137943387031555,1,0,1
15.621817111968994,0.08845096826553345,0.1431167721748352,0.008114568889141083,-0.009758621454238892,1,0,1
15.68792200088501,0.08843231201171875,0.14275652170181274,0.009190939366817474,-0.00998617708683014,1,0,1
15.754677057266235,0.08875566720962524,0.14473283290863037,0.011525891721248627,-0.007759556174278259,1,1,1
15.822579860687256,0.08743906021118164,0.14750802516937256,-0.0009264573454856873,-0.0048994943499565125,1,1,1
15.88820505142212,0.08122587203979492,0.1509118676185608,0.0057878196239471436,-0.007837332785129547,1,0,1
15.954523801803589,0.07277387380599976,0.14837723970413208,0.006018057465553284,-0.009528115391731262,1,0,1
16.02127480506897,0.0659797191619873,0.14827054738998413,0.005954857915639877,-0.010246410965919495,1,0,1
16.08820080757141,0.058511555194854736,0.148262619972229,0.004898611456155777,-0.009541839361190796,1,0,1
16.15004587173462,0.0489467978477478,0.1445004940032959,0.004007875919342041,-0.0035560503602027893,0,0,0
16.221735954284668,0.04223763942718506,0.13917261362075806,0.0021457523107528687,-0.0002842843532562256,0,0,0
16.287792205810547,0.03825414180755615,0.131636381149292,0.0010223910212516785,-0.004204325377941132,0,0,0
16.354156970977783,0.03617095947265625,0.12178540229797363,-0.0001916065812110901,-0.006330385804176331,0,1,0
16.421522855758667,0.03645724058151245,0.1154932975769043,-0.0003221742808818817,-0.006348058581352234,0,1,0
16.4876708984375,0.03643012046813965,0.11050772666931152,-0.0010004378855228424,-0.007021382451057434,0,1,0
16.55461287498474,0.03929072618484497,0.10923409461975098,-0.00046071410179138184,-0.006399080157279968,0,1,0
16.621328830718994,0.0414009690284729,0.10708832740783691,-0.0009054318070411682,-0.006535351276397705,0,1,0
16.687664031982422,0.04353874921798706,0.10613691806793213,-0.00034562498331069946,-0.006753545254468918,0,1,0
16.75442099571228,0.04576796293258667,0.10590904951095581,-0.000670209527015686,-0.006855271756649017,0,1,0
16.82193899154663,0.046578168869018555,0.10512518882751465,-0.000623553991317749,-0.006323195993900299,0,1,0
16.887154817581177,0.04696178436279297,0.10533982515335083,-0.0007726810872554779,-0.006475634872913361,0,1,0
16.953648805618286,0.046980082988739014,0.1047707200050354,-0.0007125027477741241,-0.00684693455696106,0,1,0
17.021620988845825,0.04671347141265869,0.10627281665802002,-0.0005549527704715729,-0.005963616073131561,0,1,0
17.087785005569458,0.045738935470581055,0.10935604572296143,-0.0004321932792663574,-0.006537586450576782,0,1,0
17.155155897140503,0.047071993350982666,0.11570733785629272,-0.0003472268581390381,-0.005818210542201996,0,1,0
17.21997594833374,0.05092400312423706,0.11972290277481079,-0.0004580095410346985,-0.005085520446300507,1,1,1
17.286200046539307,0.06223654747009277,0.12136894464492798,-0.0016401223838329315,-0.005957476794719696,1,1,1
17.353061199188232,0.08200186491012573,0.11977821588516235,-0.0031033046543598175,-0.004532553255558014,1,1,1
17.420948028564453,0.10018837451934814,0.10914266109466553,-0.004334159195423126,-0.005098260939121246,1,1,1
17.487753868103027,0.11715871095657349,0.10496997833251953,-0.004739619791507721,-0.0035971999168395996,1,1,1
17.553776741027832,0.12800073623657227,0.10626482963562012,-0.004854179918766022,-0.0035497061908245087,1,1,1
17.620877027511597,0.13679563999176025,0.10304296016693115,-0.004257597029209137,-0.004448648542165756,1,1,1
17.6874680519104,0.14276665449142456,0.10319358110427856,-0.006668031215667725,-0.0038761794567108154,1,1,1
17.754438877105713,0.14616358280181885,0.1016530990600586,-0.005517341196537018,-0.003990434110164642,1,1,1
17.82161784172058,0.14939403533935547,0.10321575403213501,-0.005182288587093353,-0.004651598632335663,1,1,1
17.887076139450073,0.15035897493362427,0.10516279935836792,-0.005609206855297089,-0.0052270665764808655,1,1,1
17.953973054885864,0.14965426921844482,0.10614418983459473,-0.0049667805433273315,-0.005290903151035309,1,1,1
18.020710945129395,0.14810669422149658,0.106442391872406,-0.004345566034317017,-0.005042456090450287,1,1,1
18.08471179008484,0.14655613899230957,0.10747635364532471,-0.004974357783794403,-0.004605300724506378,1,1,1
18.155590772628784,0.13082492351531982,0.107624351978302,-0.0044832974672317505,-0.004316076636314392,1,1,1
18.219945907592773,0.11105817556381226,0.11665254831314087,-0.004168495535850525,-0.004482194781303406,1,1,1
18.290149927139282,0.09098458290100098,0.11704415082931519,-0.001218557357788086,-0.0042212605476379395,1,1,1
18.355728149414062,0.06818199157714844,0.12213414907455444,-0.0008202120661735535,-0.005958825349807739,1,0,1
18.42017102241516,0.046806395053863525,0.12967532873153687,0.0012172088027000427,-0.0021947547793388367,0,0,0
18.487239837646484,0.02762967348098755,0.12912636995315552,0.0013830773532390594,-0.001767076551914215,0,0,0
18.553725004196167,0.0028398633003234863,0.131111741065979,-0.007327605038881302,-0.0022312626242637634,0,1,0
18.61998414993286,-0.01898014545440674,0.13155168294906616,-0.010331973433494568,-0.007162131369113922,0,0,0
18.687622785568237,-0.03090381622314453,0.13020414113998413,-0.009934518486261368,-0.007354624569416046,0,0,0
18.753679037094116,-0.04002997279167175,0.12933576107025146,-0.009266696870326996,-0.0087161585688591,1,0,1
18.82039189338684,-0.04382374882698059,0.12578415870666504,-0.008854590356349945,-0.007903330028057098,1,0,1
18.88730001449585,-0.0448356568813324,0.12517011165618896,-0.009135905653238297,-0.007042728364467621,1,0,1
18.953123092651367,-0.0469340980052948,0.1254342794418335,-0.009035415947437286,-0.007389932870864868,1,0,1
19.020777940750122,-0.04948335886001587,0.11888545751571655,-0.011253997683525085,-0.009761929512023926,0,0,0
19.08644199371338,-0.051188766956329346,0.1159791350364685,-0.01111280545592308,-0.012625731527805328,1,0,1
19.15482497215271,-0.0509202778339386,0.11612951755523682,-0.010000836104154587,-0.011594459414482117,0,1,0
19.219098806381226,-0.05117565393447876,0.11622828245162964,-0.010658711194992065,-0.011024348437786102,1,0,1
19.28471803665161,-0.05124181509017944,0.11684298515319824,-0.010396938771009445,-0.011851303279399872,1,0,1
19.353895902633667,-0.049836188554763794,0.12102323770523071,-0.005155205726623535,-0.013851456344127655,0,0,1
19.420599937438965,-0.04816323518753052,0.12321215867996216,-0.0012278929352760315,-0.012432269752025604,0,0,0
19.487045764923096,-0.04057633876800537,0.13238167762756348,-0.00305015966296196,-0.012760423123836517,1,1,1
19.552417039871216,-0.031723618507385254,0.13157957792282104,-0.0021869800984859467,-0.010272502899169922,0,1,0
19.619971990585327,-0.020203113555908203,0.14093780517578125,0.0007244087755680084,-0.0017769262194633484,0,0,0
19.686534881591797,-0.007315278053283691,0.1487484574317932,0.0009836889803409576,-0.0065010711550712585,0,1,0
19.753304958343506,0.0027637481689453125,0.14621591567993164,0.00083884596824646,-0.006459183990955353,0,1,0
19.820731163024902,0.01006925106048584,0.14862030744552612,5.5558979511260986e-05,-0.005750320851802826,0,1,0
19.886379957199097,0.016285240650177002,0.15004360675811768,-0.0005035027861595154,-0.006547987461090088,0,1,0
19.95297598838806,0.020663797855377197,0.15426713228225708,0.0001774132251739502,-0.007294110953807831,0,1,0
20.0199978351593,0.02441030740737915,0.15489870309829712,9.657442569732666e-05,-0.007056690752506256,0,1,0
20.08549976348877,0.027430593967437744,0.15475404262542725,0.0005998909473419189,-0.006673656404018402,0,0,0
20.148016929626465,0.028132319450378418,0.15711355209350586,0.0005650483071804047,-0.006600581109523773,0,1,0
20.218724012374878,0.029634714126586914,0.15720677375793457,0.0005312785506248474,-0.006319843232631683,0,1,0
20.28687310218811,0.030759215354919434,0.1580944061279297,0.00043054670095443726,-0.006649352610111237,0,0,0
20.35327410697937,0.031477153301239014,0.1569216251373291,0.00048499181866645813,-0.006530426442623138,0,1,0
20.420220851898193,0.03232496976852417,0.15722036361694336,0.00047128647565841675,-0.006085477769374847,0,0,0
20.486406803131104,0.03312414884567261,0.15507251024246216,0.0003904476761817932,-0.007010020315647125,0,0,0
20.5526340007782,0.03332763910293579,0.15299373865127563,0.0002852790057659149,-0.005868501961231232,0,1,0
20.61901092529297,0.035026371479034424,0.1545788049697876,5.4504722356796265e-05,-0.006360776722431183,0,1,0
20.683979034423828,0.03406715393066406,0.15203887224197388,0.0005324855446815491,-0.006624497473239899,0,0,0
20.74712896347046,0.03760868310928345,0.1512378454208374,0.00020788609981536865,-0.006174005568027496,0,1,0
20.820357084274292,0.04169261455535889,0.1523376703262329,0.0003783591091632843,-0.006047375500202179,0,0,0
20.886059045791626,0.048352062702178955,0.15466099977493286,-0.0012635327875614166,-0.004575550556182861,0,1,0
20.9530611038208,0.05621743202209473,0.15128010511398315,0.0038441307842731476,-0.004982292652130127,1,0,1
21.019290924072266,0.06459754705429077,0.14554238319396973,0.0029815658926963806,-0.010111376643180847,1,0,1
21.08262801170349,0.0723760724067688,0.14138764142990112,0.0027710571885108948,-0.009973965585231781,1,0,1
21.1478168964386,0.08013308048248291,0.13683933019638062,0.0022422224283218384,-0.012250468134880066,1,0,1
21.219069957733154,0.08111304044723511,0.13671565055847168,0.0023613646626472473,-0.011170994490385056,1,0,1
21.28588104248047,0.08498513698577881,0.13640838861465454,0.0064737796783447266,-0.011398430913686752,1,0,1
21.35224199295044,0.089458167552948,0.13752716779708862,0.006193533539772034,-0.011050283908843994,1,0,1
21.419515132904053,0.09193247556686401,0.13611125946044922,0.007871218025684357,-0.01075749471783638,1,0,1
21.486920833587646,0.09376299381256104,0.13336360454559326,0.006619937717914581,-0.012259244918823242,1,0,1
21.552048921585083,0.09322988986968994,0.13144099712371826,0.006797879934310913,-0.0120009183883667,1,0,1
21.619385957717896,0.09425681829452515,0.13067352771759033,0.0058285146951675415,-0.01273953914642334,1,0,1
21.685406923294067,0.09306681156158447,0.1310095191001892,0.005985364317893982,-0.01248738169670105,1,0,1
21.752403020858765,0.09262818098068237,0.13155049085617065,0.0064400434494018555,-0.012655019760131836,1,0,1
21.819689989089966,0.0924115777015686,0.13279271125793457,0.006336025893688202,-0.0105929896235466,1,0,1
21.88536500930786,0.09269237518310547,0.13244974613189697,0.005576372146606445,-0.011018700897693634,1,0,1
21.952019929885864,0.08831912279129028,0.1361997127532959,0.006024576723575592,-0.01159685105085373,1,0,1
22.019248962402344,0.08431947231292725,0.13616633415222168,0.0058202967047691345,-0.011485829949378967,1,0,1
22.085701942443848,0.08219021558761597,0.13519984483718872,0.005582354962825775,-0.012185443192720413,1,0,1
22.15574598312378,0.08038449287414551,0.13495367765426636,0.006025813519954681,-0.010342393070459366,1,0,1
22.2174551486969,0.07994812726974487,0.1367192268371582,0.0037386715412139893,-0.010264039039611816,1,0,1
22.285155057907104,0.07707005739212036,0.13572293519973755,0.00450153648853302,-0.008911021053791046,1,0,1
22.351086139678955,0.07477563619613647,0.13907766342163086,0.0044477954506874084,-0.009429343044757843,1,0,1
22.413918018341064,0.07437646389007568,0.13866573572158813,0.004274748265743256,-0.009132884442806244,1,0,1
22.486352920532227,0.07246094942092896,0.14079856872558594,0.003842674195766449,-0.00982087105512619,1,0,1
22.55199885368347,0.06973779201507568,0.14270246028900146,0.0019856542348861694,-0.009949475526809692,1,0,1
22.618621826171875,0.06856095790863037,0.14405113458633423,0.0004220902919769287,-0.011554569005966187,1,0,1
22.684417963027954,0.0670287013053894,0.14212727546691895,0.00034149736166000366,-0.011514198035001755,1,0,1
22.75124979019165,0.06397420167922974,0.14179646968841553,0.00035398826003074646,-0.01018635556101799,1,0,1
22.81900906562805,0.05804044008255005,0.14101481437683105,0.0029859505593776703,-0.0063523948192596436,1,0,1
22.88471794128418,0.05078780651092529,0.14065420627593994,-0.0027843713760375977,-0.011426962912082672,1,1,1
22.951523065567017,0.04277539253234863,0.1379164457321167,-0.00811423733830452,-0.011881716549396515,0,1,0
23.018938064575195,0.03172886371612549,0.1330057978630066,-0.0085681714117527,-0.011297643184661865,0,1,0
23.082984924316406,0.02237391471862793,0.13210523128509521,-0.009701117873191833,-0.010733705013990402,0,0,0
23.152528047561646,0.006703078746795654,0.13339775800704956,-0.011052340269088745,-0.003371722996234894,0,1,0
23.217701196670532,-0.012818992137908936,0.1359918713569641,-0.008620496839284897,-0.0018557533621788025,0,1,0
23.2848539352417,-0.027576446533203125,0.1359882950782776,-0.01078316941857338,-0.007877230644226074,0,0,0
23.349586963653564,-0.03345942497253418,0.13297420740127563,-0.01049254834651947,-0.0071712881326675415,0,0,0
23.41777992248535,-0.03654250502586365,0.13136732578277588,-0.009696487337350845,-0.007322125136852264,1,0,0
23.48434090614319,-0.040986210107803345,0.12659811973571777,-0.009979993104934692,-0.007918242365121841,1,0,1
23.551024198532104,-0.04314938187599182,0.12155556678771973,-0.01048106700181961,-0.007390324026346207,0,0,1
23.61798596382141,-0.047332942485809326,0.11233401298522949,-0.00896809995174408,-0.007426336407661438,0,0,1
23.684582948684692,-0.05029138922691345,0.10273188352584839,-0.010617636144161224,-0.0071365684270858765,0,0,1
23.751519918441772,-0.05087488889694214,0.0981675386428833,-0.009691670536994934,-0.008446313440799713,0,0,1
23.81777787208557,-0.04912596940994263,0.09808468818664551,-0.01078062504529953,-0.008657202124595642,0,0,0
23.88458275794983,-0.04552203416824341,0.10269176959991455,-0.010655477643013,-0.0074691325426101685,0,0,0
23.951564073562622,-0.035350680351257324,0.10940307378768921,-0.0024478398263454437,0.0006545037031173706,0,1,0
24.017287969589233,-0.013684898614883423,0.11547452211380005,0.0038236379623413086,-0.005836129188537598,0,0,0
24.08392095565796,0.00842297077178955,0.12468928098678589,0.002466674894094467,-0.007428810000419617,0,0,0
24.15133786201477,0.024067401885986328,0.13141167163848877,0.001507595181465149,-0.008038006722927094,0,0,0
24.21579098701477,0.03291267156600952,0.130365252494812,0.002071954309940338,-0.007153339684009552,0,0,0
24.28148603439331,0.040878891944885254,0.1343245506286621,0.0009990110993385315,-0.006975412368774414,0,0,0
24.349222898483276,0.04540961980819702,0.13659429550170898,0.0011365115642547607,-0.007533244788646698,0,0,0
24.41761302947998,0.04844123125076294,0.13961488008499146,0.0006003864109516144,-0.00788109004497528,0,0,0
24.484759092330933,0.05220705270767212,0.1398189663887024,0.00047158077359199524,-0.007817171514034271,1,0,1
24.551012992858887,0.057371437549591064,0.14527606964111328,0.000310651957988739,-0.007852479815483093,1,0,1
24.617031812667847,0.06447714567184448,0.16042953729629517,2.9169023036956787e-05,-0.007902167737483978,1,0,1
24.68390202522278,0.07283401489257812,0.18323224782943726,5.3554773330688477e-05,-0.007354117929935455,1,0,1
24.750102996826172,0.07679176330566406,0.1986532211303711,0.00036823004484176636,-0.007409945130348206,1,0,1
24.81750798225403,0.07845354080200195,0.21572226285934448,0.0032265260815620422,-0.007056273519992828,1,0,1
24.88327383995056,0.07936596870422363,0.23309046030044556,0.002856642007827759,-0.007564827799797058,1,0,1
24.950727939605713,0.08080166578292847,0.23660045862197876,0.0022677630186080933,-0.007129929959774017,1,0,1
25.016895055770874,0.08235597610473633,0.23649173974990845,0.001694120466709137,-0.004968315362930298,1,0,1
25.083450078964233,0.08137929439544678,0.23754018545150757,0.0020811855792999268,-0.0042944252490997314,1,0,1
25.146043062210083,0.08027249574661255,0.23905682563781738,0.0022852495312690735,-0.004006117582321167,1,0,1
25.218158960342407,0.07926595211029053,0.23869335651397705,0.0028561577200889587,-0.0034156888723373413,1,0,1
25.28344702720642,0.0779263973236084,0.23611050844192505,0.002864554524421692,-0.004175625741481781,1,0,1
25.35052490234375,0.079387366771698,0.2365795373916626,0.0023224353790283203,-0.0047671496868133545,1,0,1
25.417287826538086,0.07953691482543945,0.23653733730316162,0.001097254455089569,-0.005989886820316315,1,0,1
25.48358917236328,0.0771780014038086,0.23532962799072266,6.137043237686157e-05,-0.007203556597232819,1,1,1
25.55070209503174,0.06872212886810303,0.23067986965179443,0.00015895068645477295,-0.00659363716840744,1,1,1
25.616929054260254,0.06215173006057739,0.2322789430618286,-0.00015588104724884033,-0.006574451923370361,1,1,1
25.683847904205322,0.05742168426513672,0.23347532749176025,0.00020242482423782349,-0.006046205759048462,1,1,1
25.74965000152588,0.053915977478027344,0.23718726634979248,0.0006307512521743774,-0.005291186273097992,1,1,1
25.817733764648438,0.05498003959655762,0.2464246153831482,0.00018855184316635132,-0.005294337868690491,1,1,1
25.88340401649475,0.05506402254104614,0.2476099133491516,0.0008935965597629547,-0.005835682153701782,1,0,1
25.949055910110474,0.05586409568786621,0.24814903736114502,0.0006748661398887634,-0.006099924445152283,1,0,1
26.016666173934937,0.055259525775909424,0.24856221675872803,0.0006884746253490448,-0.004816576838493347,1,1,1
26.08336091041565,0.048227787017822266,0.216356098651886,0.000591084361076355,-0.005676873028278351,0,1,0
26.149837970733643,0.04794323444366455,0.2072194218635559,6.042420864105225e-06,-0.006660625338554382,0,1,0
26.215557098388672,0.04398369789123535,0.20801526308059692,0.0007803104817867279,-0.006260491907596588,0,0,0
26.28400206565857,0.043818652629852295,0.21067512035369873,0.00012237206101417542,-0.005938097834587097,0,1,0
26.34856605529785,0.04420500993728638,0.21002644300460815,-0.00030955299735069275,-0.00583156943321228,0,1,0
26.416391849517822,0.04823899269104004,0.24772584438323975,0.0018809027969837189,-0.004969939589500427,0,0,0
26.48311185836792,0.059172749519348145,0.28977710008621216,0.0025085806846618652,-0.004374705255031586,1,0,1
26.549934148788452,0.06084936857223511,0.2708086371421814,0.0026475340127944946,-0.003949999809265137,1,0,1
26.61681890487671,0.06298702955245972,0.2539549469947815,0.0027079731225967407,-0.004525519907474518,1,0,1
26.68226408958435,0.06481355428695679,0.2608950138092041,0.0030317604541778564,-0.0046628862619400024,1,0,1
26.749614000320435,0.06272292137145996,0.26615750789642334,0.0026044175028800964,-0.00366075336933136,1,0,1
26.815824031829834,0.06416136026382446,0.25239652395248413,0.0027715489268302917,-0.005283348262310028,1,0,1
26.88263487815857,0.06496989727020264,0.25359123945236206,0.0033274516463279724,-0.004913024604320526,1,0,1
26.94908380508423,0.06549853086471558,0.2525734305381775,0.003008827567100525,-0.004930615425109863,1,0,1
27.015568017959595,0.06586265563964844,0.2536312937736511,0.0012575611472129822,-0.0058512017130851746,1,0,1
27.08184814453125,0.06351131200790405,0.25727230310440063,0.0005310997366905212,-0.006572268903255463,1,1,1
27.149545907974243,0.059171438217163086,0.25281810760498047,0.0004079565405845642,-0.005984939634799957,1,0,1
